{"cameraMode":{"drawMode":0,"name":"Shaded","section":"Shading Mode"},"sceneLighting":true,"audioPlay":false,"sceneViewState":{"showFog":true,"showMaterialUpdate":false,"showSkybox":true,"showFlares":true,"showImageEffects":true,"showParticleSystems":true},"in2DMode":false,"pivot":{"x":-0.9676967263221741,"y":2.3944220542907717,"z":-0.35366418957710268},"rotation":{"x":0.011688928119838238,"y":0.0155974505469203,"z":0.00018362657283432782,"w":-0.9998259544372559},"size":1.3123106956481934,"orthographic":false}